Step,Sensor26,Sensor32
SHC,0.005360790201304035,0.001461846204199943
0,0.005360790201304035,0.001461846204199943
1,0.0027973966835652428,-0.0011722993756639298
2,-0.010703794252495085,-0.013420304641070559
3,-0.003725567071722887,-0.006336417294057461
4,0.008165089974173098,0.007649389193356551
5,-0.010355567883579329,-0.00995481898443306
6,-0.00434023224877777,-0.002759204230538705
7,-0.005592974610271469,-0.0010844494492270435
8,0.003298419520404259,0.009253141315067583
9,-0.011006670508455371,-0.0026506411021014393
10,0.0011121378970846887,0.00018010554066816937
11,0.005122296970571147,0.015468241902990874
12,0.02456510036935939,0.034630619264857186
13,0.010314172929673198,0.033244653189896486
14,-0.022127939740438092,0.012444510642619741
15,-0.027515758819784537,-0.00025169894928778484
16,-0.04222947224351799,-0.003211758629708362
17,-0.05851342171924489,-0.02747724204837802
18,0.017262896778626826,0.023967258022383635
19,-0.046468998610544675,-0.03763376889253878
20,-0.03848808353809424,-0.020826321344458915
21,-0.03923247872882072,-0.0033339186625542237
22,-0.1451595497866937,-0.08724560406166329
23,-0.1140060360602861,-0.034499703528102756
24,-0.12220418210597392,-0.038990478998992016
25,-0.1204341071574527,-0.05348472602711664
26,-0.26627081630241456,-0.13821916776798424
27,-0.2739296135014873,-0.190114505073889
28,-0.4153851832346559,-0.285770925090679
29,-0.8492043813708737,-0.5998360787668865
30,-0.8786349645512102,-0.627992315964235
31,-0.8749024619404049,-0.6229356167624905
32,-0.8466151570514987,-0.6023427039991842
33,-0.8297969734951502,-0.5841453940908081
34,-0.9225501885440495,-0.6432739585456322
35,-1.0129916084830692,-0.6964981126522801
36,-1.0463516413157687,-0.7057022630683039
37,-1.028291321196271,-0.6930182927032469
38,-0.9241142408447396,-0.6157756438370934
39,-1.1572570931180044,-0.7525351983896861
40,-2.1373931573221325,-1.36523523186121
41,-2.058464850657974,-1.3117692320416494
42,-2.0985873322873876,-1.3338595782111005
43,-1.5139547822744865,-0.9239425241659189
44,-2.617406413917482,-1.4012204617849087
45,-2.2843633648039106,-1.2184115746671422
46,-1.7227428540406833,-0.9432590511690274
47,-1.8713291793481646,-1.0819788592794972
48,-0.7066110606711077,-0.3752083339244964
49,-0.6854242819256267,-0.360773338861037
50,-0.9685575643857476,-0.6442429103911659
51,-0.9685575643857476,-0.6442429103911659
52,-0.9685575643857476,-0.6442429103911659
53,-0.07391395882131452,-0.03996858483249457
54,-0.06751658933025426,-0.034665360259530736
55,-0.06096592909288603,-0.028810736137938338
56,-0.07749931824117086,-0.04082256520318363
57,-0.07124297997475268,-0.037506372334894275
58,-0.07017609956810573,-0.03462486210127938
59,-0.08787822336704612,-0.04790353621699993
60,-0.08134987082684389,-0.0486957637189283
61,-0.09098244046113071,-0.05617391301866286
62,-0.07546915232593061,-0.047424160307271354
63,-0.08560613147738184,-0.057069636960771664
64,-0.10352365512243089,-0.06913595692138695
65,-1.0559692093178181,-0.7260339789955879
66,-1.0559692093178181,-0.7260339789955879
67,-1.0559692093178181,-0.7260339789955879
68,-1.0559692093178181,-0.7260339789955879
69,-1.0559692093178181,-0.7260339789955879
70,-2.3062515674501407,-1.603713775506313
71,-2.638854606214038,-1.827613748458332
72,-3.1847381592383215,-2.262917752038439
73,0.22743207626989204,0.16723702233181825
74,3.299300663782853,2.323476119271618
75,3.3919022075655114,2.3888346066804114
76,3.5658068124769002,2.8078876431284456
77,2.2456470136958973,1.776088280906169
78,1.9618017226658926,1.5927207860285613
79,1.9075374871148363,1.556131997378271
80,1.9356779249545062,1.5516943033534984
81,1.8711249743914835,1.4928127249933543
82,1.8934081967864012,1.5192550398046631
83,1.9063958054347945,1.546715526039095
84,1.6098585049094987,1.3249572680729862
85,1.5072110980016866,1.2426793930157876
86,1.5572233592619558,1.31835340565915
87,1.5775432745360984,1.346080264180746
88,1.7515583545990743,1.4747785425226256
89,1.6742563168659363,1.4323344766919184
90,1.628166800364785,1.3892004430638054
91,1.6304058928996628,1.3918996698398731
92,1.653304362695274,1.3877674506864162
93,1.662794925996583,1.3989099963157947
94,1.4593573142294403,1.2655005601512075
95,1.4366051212806945,1.2358618254665332
96,1.4387782996952037,1.2467681794172625
97,1.2721799095663218,1.1149531251349858
98,1.3351502383668599,1.1359596636582308
99,1.3596956489112464,1.1643257521080261
100,1.2909830545442533,1.1153797168905304
101,1.3079246383775747,1.1323242610162552
102,1.2049594582331307,1.0474180543394513
103,1.1060300998494301,0.9739865250507967
104,0.9831847133670465,0.8878397940882492
105,0.883852916715965,0.8149869150491237
106,0.8994203536702134,0.8308085458588194
107,0.8803477572416017,0.8254417917055429
108,0.8412596380463366,0.7968473075478838
109,0.8607420876117188,0.8042482251537104
110,0.9056830461050136,0.8397595789709236
111,1.0411331029304192,0.9349447167626893
112,1.0737433314467286,0.9587558653293929
113,0.9738824087378378,0.8747841928184351
114,0.9249585558385565,0.846676618589638
115,0.9806143700674639,0.870203105569892
116,0.9168220484016486,0.808375342540527
117,0.9519721649948538,0.8337023678319463
118,0.9652784398300777,0.841187768799378
119,0.9426116439766169,0.8203803316813721
120,0.8684999274507458,0.7784406079549124
121,0.8735861865056794,0.788549828665946
122,0.8472125749026463,0.7595008494996663
123,0.9727924985231245,0.8730685703746711
124,1.0520162486403708,0.9420674902595519
125,0.9995512262009407,0.8910648523259558
126,0.9447633198421689,0.8524361561647252
127,0.8448273410921354,0.777559921377021
128,0.797249302195986,0.7360194474740835
129,0.7814423542436906,0.7297870207864784
130,0.9294011198013022,0.8569126153614856
131,0.950481867089994,0.8703634756880457
132,0.9062455377070581,0.8308701907588552
133,0.966556952066323,0.8770270668768545
134,0.9495661767779668,0.8681645856866831
135,0.8922921595108494,0.8099587947619339
136,0.8940397060154195,0.8094836988421316
137,0.8131212893961529,0.7403869005606466
138,0.8366022552452185,0.7476718175044659
139,0.7889929064121205,0.7142552937257626
140,0.767639588411425,0.6996265154263663
141,0.7971179659508761,0.7229490786551367
142,0.7975572984612045,0.7394656366961523
143,0.7164640749307178,0.6775603680404805
144,0.7322483528123591,0.704636630134624
145,0.668693523737305,0.6701498458814571
146,0.6574077024651614,0.6631053863900077
147,0.6370518554606677,0.6360663102509904
148,0.5940855122293296,0.5924459762192997
149,0.5241101272585653,0.5306544499242408
150,0.4627213177880453,0.47570697780402393
151,0.488608613026592,0.4968188479178081
152,0.48131296628165543,0.4942903022435843
153,0.47021477418059104,0.4841409020197683
154,0.5232204222856917,0.5344098169686007
155,0.5069070501352106,0.5133184459619268
156,0.40578834736882546,0.42742438109465386
157,0.38389023636333913,0.40752461427555337
158,0.3533246550367694,0.3678122231388542
159,0.378639340524023,0.39215297426551904
160,0.4057397550803005,0.4112435535151642
161,0.43282918720636204,0.4296275749024511
162,0.5065970015902628,0.5043015895557571
163,0.6619098338267416,0.6402370082807434
164,0.5773289158180622,0.5622528115805638
165,0.5017393252730131,0.514324670281908
166,0.44298699673750874,0.45661975099295987
167,0.43715969593113263,0.44934201140018065
168,0.47348896804826174,0.47688803373742167
169,0.4858016357033349,0.47235665042293956
170,0.4092365369440746,0.4040464860358749
171,0.49992381356656895,0.47110639597759724
172,0.5169157609735593,0.4709196095395823
173,0.5517207778221456,0.4743444141643509
174,0.5604194804417241,0.4824763409571842
175,0.6062795388062795,0.518816385517653
176,0.6374560059685054,0.5526055837074169
177,0.7261800023506947,0.6315454917187493
178,0.7723819258561604,0.6736741911247062
179,0.8028130167331075,0.7020644473322616
180,0.7378678724923229,0.6480913400935011
181,0.6825999243302444,0.5955780552279053
182,0.6470285143128249,0.5578550314991425
183,0.6060345052852202,0.5258809879635694
184,0.7050505838964012,0.6129851089225006
185,0.7432447592931359,0.6500349846544696
186,0.7157692044711756,0.633818000868057
187,0.7088435494695641,0.6344501159624416
188,0.695839645748933,0.6123952470502355
189,0.6755471499133081,0.5945002969404405
190,0.5834148761610866,0.5158465288555948
191,0.5725190041712606,0.5070583938781128
192,0.6365471452337162,0.5583019175518944
193,0.596405282163537,0.5365500355226893
194,0.584717384353686,0.5259902522836091
195,0.5469853396357685,0.49220398280525546
196,0.5364135522964729,0.4904258226422097
197,0.6181615281036967,0.5443940476277401
198,0.6464789646925572,0.5699232604566417
199,0.6982251696143315,0.610233626001939
200,0.7041131127657587,0.6144127179583786
201,0.6992550297565429,0.6139455065534829
202,0.7064381525878792,0.6196959023985464
203,0.7102241918504538,0.6195095008147973
204,0.7280285839446892,0.6337567194104857
205,0.6342444983109008,0.5655189786757893
206,0.6346915741939058,0.5717671079970704
207,0.7379982265853884,0.6566018998712893
208,0.7893850658113521,0.7028694557488456
209,0.8542000734213083,0.7587776940888649
210,0.9538216663849778,0.8402666794438948
211,0.9157765194891946,0.7946228750544023
212,0.819491070210812,0.7170774660209849
213,0.8665724465123009,0.7523830500558505
214,0.850034338111564,0.7373974195017801
215,0.8671854067816741,0.7547486247027239
216,0.9143470147131062,0.7917338618214143
217,1.0522955883589764,0.9168738985828612
218,1.1233030198874057,0.981094402241535
219,1.1918408401480551,1.0459663048056151
220,1.1750541983350073,1.031368245169032
221,1.1910846775855428,1.0424705605019446
222,1.1748799629780795,1.0384610820407791
223,1.1222229362724465,1.004158315911859
224,1.0804980824321673,0.9755794966142279
225,1.049575235339555,0.95177115937747
226,1.079419640284326,0.9709467573638245
227,0.9925592834627113,0.8997206449609555
228,0.9054653378485975,0.8233763798774439
229,0.8280378619813734,0.7509682930687112
230,0.8336369212377016,0.7505026532071707
231,0.865242492891572,0.7687250355570133
232,0.8302382559223959,0.7320764621752972
233,0.7381519564866513,0.6754546049009852
234,0.7251274712823321,0.656149602311956
235,0.6876508645813536,0.62397813734582
236,0.5963809699526931,0.550051521354076
237,0.5336086908928251,0.5071578151742667
238,0.630002370084893,0.5788083058533143
239,0.5810401983763521,0.5393722760895688
240,0.5992789155803442,0.5516028197341748
241,0.5662634819784425,0.5274147389489372
242,0.5686543905066983,0.5375137224291798
243,0.5568618927773424,0.5249461853172227
244,0.5597587334982088,0.5232921408365963
245,0.5481083511160681,0.5092054280354583
246,0.56997927154277,0.5250775748526167
247,0.6285547151654578,0.5779144592844356
248,0.6274181979501443,0.5753516868643805
249,0.6070166581680205,0.5605393878051619
250,0.6368548887349051,0.5820840871138497
251,0.593354470624336,0.545964943529621
252,0.6342881492236563,0.5740009912258371
253,0.6040718768754724,0.5488719551882103
254,0.6633438234595214,0.5962795046892069
255,0.6711247752771979,0.6223291019291592
256,0.6382385495720375,0.5912044441035603
257,0.6382385495720375,0.5912044441035603
258,0.635932170835224,0.5998293208120199
259,0.6651837701006874,0.6163226699382977
260,0.6854196608610811,0.6337220279609779
261,0.6804002441549888,0.6299563258152524
262,0.7360430680058148,0.6772014184481909
263,0.71205457511356,0.6549817490221155
264,0.6677041687233417,0.6225988529521227
265,0.6310615218765164,0.5876026779693305
266,0.652690953996934,0.6068176762907385
267,0.6438622104130352,0.5976530794062679
268,0.645817300602413,0.5976259913105471
269,0.6340062628976324,0.5961537241077893
270,0.6242591423356193,0.5874059893794668
271,0.6010325042778399,0.5710195889258647
272,0.5959377225321686,0.5713472812791256
273,0.5809430409711118,0.5614328250563979
274,0.5691060483726121,0.5503118511327036
275,0.5832328852222056,0.5650596315770833
276,0.5399188730467249,0.5314691366306963
277,0.5501833003326979,0.5395804879708855
278,0.47089028740572486,0.48066174647955984
279,0.44835734936648136,0.4617955204795299
280,0.37955176954626996,0.4036594934160538
281,0.35154335076401205,0.37042604786319844
282,0.34779910676965947,0.3781914020565778
283,0.3150668372066801,0.3458884003996783
284,0.33244056187523036,0.3550661757965887
285,0.2615278859838873,0.29268749902114466
286,0.26583516997581885,0.29128099488037645
287,0.2834579835710298,0.307219071765111
288,0.2841978317413398,0.30897596499253566
289,0.353732716237671,0.36111022547351085
290,0.3890578810609973,0.38559443534542454
291,0.3396034161177503,0.3426316607092862
292,0.34684019180516684,0.3580167163655376
293,0.3336893909259849,0.3531847068388659
294,0.3206911838614015,0.3398959651191844
295,0.3168840944814222,0.33774459455838973
296,0.30803657120193334,0.32606565898880413
297,0.27197298269298104,0.2929191312912634
298,0.3021829417853221,0.3166954695664993
299,0.2964951319464411,0.30848717999353475
300,0.28447228196287727,0.2978162567943911
301,0.3092940517129697,0.32186332251265165
302,0.3180351045269081,0.3224161413510261
303,0.3299843901550036,0.3301701807780666
304,0.38887315121128,0.3757728347557843
305,0.3644594977258735,0.35126172483306883
306,0.4194800542420532,0.39434215021818275
307,0.4678272115806062,0.4361155299053822
308,0.44636370288162636,0.4154214695429937
309,0.5129614453589719,0.47508155067216
310,0.5021271157872982,0.47233969240360607
311,0.5642447713220449,0.5246215439374335
312,0.5472560220088423,0.5145637482840673
313,0.5183093827053323,0.48889319946533094
314,0.5197674007072816,0.49120789267941467
315,0.522811210932068,0.5004780934012846
316,0.5102208699912215,0.5003895215204661
317,0.5369521636446669,0.5296643199361422
318,0.5810612354461612,0.5588729158521701
319,0.5894024929792248,0.5530098289168028
320,0.5659789590272647,0.5282317127762192
321,0.6049629786739221,0.5530640286920451
322,0.6126931968655507,0.5576088764438293
323,0.6257423285501719,0.5664105976236394
324,0.621511807394465,0.5625947483150348
325,0.6188849823838628,0.561152691429859
326,0.6113880454823387,0.5498410824024357
327,0.593720629031856,0.5346824219884917
328,0.6042092197445381,0.5454855963486352
329,0.5881150248256136,0.5321555789904124
330,0.6018027865076568,0.5512461898205616
331,0.6560525174636014,0.5909348402495024
332,0.6490653066547556,0.5871276914886018
333,0.6819940245556441,0.6164969827264828
334,0.6837520523570916,0.615153382971845
335,0.6447076646243889,0.570699859523824
336,0.6210495225849767,0.5510701872502869
337,0.6171780328449424,0.5484984085628093
338,0.644523453543317,0.5687828193466558
339,0.6342731768093902,0.5577503509999441
340,0.6467698717459522,0.5624520072950947
341,0.6665619803751208,0.5652703499523751
342,0.6568331869892157,0.549825122727381
343,0.6546244261011096,0.5466625741783491
344,0.6650842157362348,0.552968034942308
345,0.7284427271008436,0.6118986564008986
346,0.6850412382418133,0.5759199624140694
347,0.69528972510804,0.5850204737993521
348,0.6889002814878348,0.5811290865662164
349,0.6757530290892472,0.5652054621923561
350,0.6552673485258876,0.5500967223034496
351,0.6838513817614266,0.5731323177651271
352,0.6896616234207205,0.5870000027061414
353,0.616118134956945,0.5201640973343612
354,0.5686175557418849,0.49162504196373435
355,0.5594416138334414,0.48024679195039865
356,0.5510909098875623,0.48286748521124045
357,0.5160399969812671,0.45286900408011294
358,0.472639293096613,0.41619003455997144
359,0.4590698524301438,0.40802465060259935
360,0.46024807652105815,0.4162710703249915
361,0.5077132241671783,0.46157051026501167
362,0.5035163971849306,0.4579679486617488
363,0.4764945533655239,0.43082089361733655
364,0.4210922933747053,0.3899203479658574
365,0.4286369185115879,0.39712743577596865
366,0.414253800706069,0.38491387764838975
367,0.38381881333099765,0.3692451099928954
368,0.37772676287797424,0.36455279528724727
369,0.38830565832961245,0.37325358303692185
370,0.3665015755062459,0.3581711010315268
371,0.3192673556937131,0.31789019955893244
372,0.2801397652701391,0.28207351707900385
373,0.25460814791164177,0.2647933572518122
374,0.2319348754233278,0.24987443445396013
375,0.25462649263526893,0.27657154642416865
376,0.2589290672788599,0.278582521309739
377,0.2432210857561164,0.26253919445489776
378,0.20628207876391558,0.2331181076711429
379,0.19816246809468185,0.2233547299709946
380,0.22622040684962125,0.24872588067911897
381,0.2734389690769507,0.2854914263333425
382,0.28218244558506106,0.2913547423394736
383,0.27195536671408,0.2823896973166123
384,0.2703116437368245,0.28319679654571306
385,0.2806026999501808,0.29369857493312607
386,0.2510122240433865,0.26642293007645124
387,0.25698851441983667,0.266931386088076
388,0.29088798632945717,0.2921323750779023
389,0.29837266681464825,0.3004632925228059
390,0.30611065820420513,0.3033952867726584
391,0.3144006604226462,0.31300011665632
392,0.29150232833657197,0.29242006659780273
393,0.26728360650389843,0.27128165378095925
394,0.2403568957894068,0.2509844939945357
395,0.2012764069032953,0.21676379975288898
396,0.24485376573101672,0.25972760994243743
397,0.26029370716142775,0.27486724129414314
398,0.3754053877783504,0.3740159949787993
399,0.4004550455856834,0.3946790862193791
400,0.4350269531878874,0.4240475213555097
401,0.43700244931682747,0.42585492254565216
402,0.4778390348189772,0.45958545664887823
403,0.4954623769783508,0.4753623605001425
404,0.49080191234627374,0.4696149766424052
405,0.46574350765871025,0.4467593608874502
406,0.4496519790568218,0.43189027753993264
407,0.42762441325881195,0.41279325455507565
408,0.43098937581671953,0.41621073460530467
409,0.46221928011120617,0.4385647861570079
410,0.4758162862608698,0.44769722773933845
411,0.46628482944156435,0.43797831543901083
412,0.4634412645759816,0.43641255615906815
413,0.4357662283344558,0.4150663903554626
414,0.43634512412225746,0.4141676571010005
415,0.467176566540649,0.44186233420226356
416,0.4445938915678347,0.4221740159804762
417,0.46803904647030853,0.4450586695392975
418,0.5094119580453568,0.47934823322524167
419,0.5929517704496741,0.5488296098013854
420,0.6359179721093859,0.5877832066643994
421,0.6234178659607635,0.5745074464774715
422,0.60940426755801,0.5605065004360565
423,0.537410303237202,0.5058104993267578
424,0.4791161014385553,0.4547144312639198
425,0.47941267681615707,0.4440591650987668
426,0.447037901242961,0.4073449976003636
427,0.4202370311519772,0.38233810703938254
428,0.38836827095134463,0.3586118304480581
429,0.3984412510532865,0.37180459596981974
430,0.3953125144055621,0.3733489602405709
431,0.4469310096875204,0.4162072304218587
432,0.4374291419333891,0.4179104958509331
433,0.49628484177939663,0.47061869070422835
434,0.45612883830976897,0.4339090648206355
435,0.42871166297682256,0.4173980472050246
436,0.4212982675496606,0.40519078687964555
437,0.47087012954305874,0.452557442074195
438,0.42876477958606624,0.4148497223924412
439,0.48663684554887743,0.4651442454670245
440,0.4986350584707163,0.47973457014101956
441,0.5036004921336744,0.48115644883445446
442,0.5169537961142375,0.49748753417305386
443,0.4657094799562138,0.447704047707782
444,0.41962031163837904,0.40757827881352426
445,0.3819297648942192,0.3765895433345801
446,0.3702254303506948,0.3647332236077938
447,0.3628876193310476,0.357360663688821
448,0.39747868415640963,0.38782795213126053
449,0.39870836111000457,0.38072656446544123
450,0.4163151573386727,0.39942675632847585
451,0.3913098582833595,0.3793536002880469
452,0.3950903174016506,0.3805629429672269
453,0.43228723037232397,0.41021692974757834
454,0.43705406072102176,0.4128864113977721
455,0.4047276621907077,0.38342769533742416
456,0.3608647945684773,0.342451688549869
457,0.3830824414616957,0.3512142843886925
458,0.3806052762272003,0.3466611022285703
459,0.4226117837618853,0.3826218851449886
460,0.4097340276782111,0.37824273799281605
461,0.4368019483880132,0.40233177811512144
462,0.4140040726234677,0.3817746458857269
463,0.4422608509801051,0.40593326298934423
464,0.3849690255502159,0.3578890209174885
465,0.38712584804135186,0.36393833076940063
466,0.4080748378488849,0.38271183208945364
467,0.43083502296204473,0.3941385816628625
468,0.4820086606864873,0.438831420210475
469,0.4765559834707927,0.4406921951024133
470,0.47391190936983496,0.44245310174711683
471,0.4715026269325321,0.439667268292228
472,0.4764704917160159,0.44332879245260937
473,0.4384555318410796,0.4097106212355261
474,0.4609296886371895,0.423003335424265
475,0.46142376044156613,0.4226776195174134
476,0.48792484048518586,0.4509176471544241
477,0.49832392948924376,0.46150946128376136
478,0.46856688859865936,0.4378912491657711
479,0.48741616777081054,0.45368414440093413
480,0.5167963284997136,0.47942314966921445
481,0.5944877777085007,0.5445896412935294
482,0.5858662636035838,0.5413815625003899
483,0.581310786805032,0.5406980259089573
484,0.5617320469147933,0.5248617815422238
485,0.5567259410146489,0.5120686431264366
486,0.5449902669916485,0.5027260558692281
487,0.5557200766062143,0.5023368958985092
488,0.5203670375604453,0.466661276990923
489,0.5110576058660545,0.4614656824749954
490,0.49725417251472176,0.4493829221352288
491,0.47059767817728776,0.4254000815899987
492,0.4420790947219978,0.40447770095184266
493,0.40290943081240777,0.3697788075036491
494,0.43402065600075873,0.38752030285576977
495,0.3904746078914909,0.34551992957263084
496,0.3756341339974833,0.33217584964805985
497,0.3579258423855174,0.3196628299959499
498,0.38436743394595135,0.34399908239827814
499,0.3711185391438902,0.3405340054516516
500,0.34672475623839555,0.319100179620341
501,0.32325459910221654,0.30139598013182295
502,0.30931232680914805,0.2875032663228545
503,0.32037374722914197,0.29830188952901354
504,0.28637600691627757,0.27151709340765656
505,0.32217412834769676,0.29277260297347835
506,0.2668710561678421,0.2469331825308001
507,0.25900294911838473,0.24484644078114096
508,0.2589574483854032,0.24714979807132562
509,0.23569601181653135,0.22521093771418577
510,0.24054655140545894,0.23100866696729505
511,0.26626420067861956,0.2541046411223355
512,0.2364126003905718,0.24551390417452867
513,0.237972385879543,0.24995902019690536
514,0.2547134937402499,0.26766828128615966
515,0.23292448594569606,0.24664316551187468
516,0.22744599748046376,0.24226092841970792
517,0.23004617789280218,0.2451971523895412
518,0.26643878686185263,0.280191787159381
519,0.24341411738590327,0.2628019112020457
520,0.2770197239114022,0.29247603731535465
521,0.32281515886051626,0.32944594578140934
522,0.3292928545021538,0.336169863404442
523,0.3238083550489298,0.324557220137082
524,0.33787280252711377,0.3364863439277919
525,0.34417725578532804,0.3435607577761148
526,0.3754045420685052,0.3605763953114406
527,0.39865829087370325,0.3815709332056402
528,0.38393275423654466,0.36777345164430875
529,0.38506730707391584,0.37071265160721856
530,0.3360497753400024,0.33851568813710353
531,0.35347065385489795,0.3566457306428495
532,0.35866674622259564,0.361352457315541
533,0.4116668575943205,0.39882828865177206
534,0.44813452931540404,0.42235636173094326
535,0.460067640757212,0.4329557132976749
536,0.4235976543743161,0.4065379679188522
537,0.4419825440746648,0.4130245077457021
538,0.43047516802348545,0.40112936111408587
539,0.4273533765566189,0.3966149647032187
540,0.4572147720502261,0.4281610195979837
541,0.45894704673342623,0.4314563795358477
542,0.4582549574343128,0.43519979385407725
543,0.44433791291170716,0.41836014389684123
544,0.47178970076313603,0.44352034484747016
545,0.47202156928254996,0.4407408868975
546,0.452240391996928,0.4252448606484855
547,0.42022606724819483,0.3992701110983131
548,0.4219349347644941,0.406772027429059
549,0.4109688039116113,0.3960155206292554
550,0.40988043936726326,0.3992298815648659
551,0.41085627956665827,0.4049256230345122
552,0.39812897848289264,0.3937294785895461
553,0.42955372630261435,0.42011446795486806
554,0.43818450849409635,0.4180643240350729
555,0.4828168781569708,0.4561494325973296
556,0.4893266563776255,0.4622080761241901
557,0.4809158203613472,0.45270679553286985
558,0.4565226844645276,0.4383879064396247
559,0.4543607389041106,0.4428367692381256
560,0.45423568196281305,0.4438481565219851
561,0.4889289173100986,0.47080838139518316
562,0.49901064527102895,0.4759843150325461
563,0.5699849020589887,0.5412135412324637
564,0.5767321357755877,0.5453783369845792
565,0.58427078771466,0.5493465616205891
566,0.5523044607267339,0.5178280993369911
567,0.5170958036968359,0.4846345378057843
568,0.5412638258714373,0.49855422914480874
569,0.524308546032423,0.4926220341313621
570,0.5094803754301878,0.48681556920835706
571,0.5165270906893661,0.49232821746344235
572,0.4922085532144504,0.47123007933174377
573,0.5059236911961651,0.47692133887437715
574,0.495606494666638,0.4668396705019622
575,0.5087262428187345,0.4788492464888233
576,0.5391350650880601,0.50361805208436
577,0.5258659825854213,0.4935137936557201
578,0.5303715728855206,0.49654263270746046
579,0.540135563618775,0.5010404486535837
580,0.5226660750128772,0.49386561707573934
581,0.4997072846951695,0.47639437637365817
582,0.5118127049266361,0.4825117425074478
583,0.5199438677165141,0.48668231912968474
584,0.5131475289815043,0.47782228797807447
585,0.5100947148812065,0.47585494763910585
586,0.5105653159691893,0.47660827446792103
587,0.5199883971778275,0.48564593782383186
588,0.5098573548202036,0.47785716756972896
589,0.5031352806624783,0.4739061184497425
590,0.5032658833350456,0.47554045407975293
591,0.5331483161501799,0.50851056102624
592,0.5478762862843732,0.5245640325135039
593,0.5437442684197966,0.5199817103173202
594,0.5368058702520426,0.5069644744698634
595,0.5449648919326009,0.5021371669577201
596,0.5294176255963987,0.47983921940143703
597,0.5583725198141556,0.5067076519137318
598,0.5349617683299411,0.4864510238971101
599,0.5538461263714456,0.5023142433806684
600,0.5451129328582546,0.49441796974609403
601,0.5337827336368361,0.48262413175031776
602,0.4813400823907881,0.4328127482840601
603,0.48031538087910897,0.42958100339553734
604,0.46907762425184446,0.4214549258631382
605,0.5023562310190823,0.449698401165145
606,0.5052751097183368,0.4583100278601398
607,0.4917324631710884,0.4487602261919563
608,0.46285726730101245,0.4236772785467667
609,0.451733656377751,0.42252785754183203
610,0.4337783299165114,0.406259119722183
611,0.389487010566367,0.366390570275807
612,0.3595725291985725,0.33885044549081217
613,0.33108297434125317,0.31186335829307665
614,0.32263669097037373,0.30399266568372485
615,0.3230358564116033,0.3045544772898778
616,0.347924241164646,0.3100599061645227
617,0.3374727420477024,0.298430524272841
618,0.31258671838136903,0.28163665208676847
619,0.3109244667198719,0.2791262200084722
620,0.3077848957404083,0.27900322083499285
621,0.2979315885680761,0.2838414070240677
622,0.2688910439229299,0.2544519838138282
623,0.30758223599866535,0.2881075980277134
624,0.3034082551337141,0.2899374888052062
625,0.3074610003060766,0.2880782105948116
626,0.32329008467030085,0.30244455448675955
627,0.37611168479376317,0.3510445187546756
628,0.365740564787659,0.3476212460728315
629,0.37746521366839686,0.3575193315988611
630,0.35184209457520405,0.33499333246511676
631,0.3373083611382463,0.3226543651185277
632,0.32631346896735597,0.30740055684674256
633,0.32422759384626126,0.3059015359810245
634,0.34798556451050944,0.32838231767388476
635,0.3650487442734962,0.3368078030372974
636,0.38659768827984703,0.3547978787753506
637,0.3921953245414173,0.3588303148142898
638,0.4092938773276577,0.3765922455670336
639,0.4091558599419792,0.37486740369529015
640,0.4160260088363785,0.3816621512853382
641,0.4017717939547914,0.36794991981637637
642,0.36554213892823867,0.3360737221375567
643,0.40370735349117437,0.3700451462431699
644,0.4184139163392265,0.381511343508896
645,0.45032864728278305,0.40797018989217076
646,0.4480293967665232,0.4077048162386836
647,0.4437172472863509,0.4073707263591761
648,0.4446577560646474,0.41133879476634094
649,0.46974078092024696,0.43540525205064606
650,0.4912163563940103,0.4542459505679599
651,0.4864234054257446,0.4557638271133771
652,0.4431515812520515,0.414970709642763
653,0.45058714036912956,0.41731862916005075
654,0.4509533849760002,0.4141656308480107
655,0.42832391095756805,0.4006765961714567
656,0.43685298298661357,0.40990531065309266
657,0.42493588889545797,0.4036335243911175
658,0.3917398278189605,0.3724967879164267
659,0.3893817058479911,0.36835688945108847
660,0.3880781787684952,0.36379636398458354
661,0.37802327151209886,0.36501753565729445
662,0.364390783914338,0.3530824904609705
663,0.3729821362578698,0.3589285357342542
664,0.37924996027259666,0.37091214813448486
665,0.34816457330603773,0.34241729445015107
666,0.333870412274045,0.32872181355530516
667,0.34376492672325887,0.34142517712111786
668,0.330002791923022,0.32605381503298475
669,0.3403022529474778,0.32752358304727786
670,0.34341983840201756,0.33449239860759633
671,0.3696066885600589,0.35024048787991047
672,0.356964590716991,0.3365387102504762
673,0.3670853272406947,0.34685551000933224
674,0.35338822405383113,0.33400316665206203
675,0.3294035002592735,0.3108593468443602
676,0.2821705353696436,0.2700724633218042
677,0.2805867341398372,0.27045106298787835
678,0.3029419426189665,0.29294766610880557
679,0.31484673471990443,0.30428868939590326
680,0.3284184789530797,0.3167934940608682
681,0.3130211571412851,0.3005400455373411
682,0.3075796147680032,0.2943562768618396
683,0.34032882345426657,0.32269957650428005
684,0.3713466501875582,0.35079724077226954
685,0.3645344091783491,0.34659325952703346
686,0.33136170188579495,0.3215895514236293
687,0.35301533197555646,0.32966904494196747
688,0.36597620468636843,0.3397524315499102
689,0.3610950685401437,0.3418491166390177
690,0.3680378820715742,0.3404937207760395
691,0.3917791419655569,0.358604986948597
692,0.4255615245423679,0.38683933300075424
693,0.43654388346167877,0.3959524247997097
694,0.4398062655880947,0.4106518394681901
695,0.44927275163776903,0.42570584848487497
696,0.4484373084157675,0.42362372180626995
697,0.3873594052899776,0.3773259819490761
698,0.3961921354455529,0.38663759878264
699,0.43009686350161996,0.4122416953938346
700,0.4149877545086124,0.3970850767426325
701,0.43026810215990646,0.4070048943754989
702,0.44412398484967897,0.4162299260264221
703,0.4303783248959067,0.40246619885163304
704,0.3969926060287882,0.3748239080703311
705,0.3511499669933804,0.3340547286515382
706,0.34024060266341427,0.32226572841734186
707,0.3583630252715699,0.3366304993211553
708,0.36650136097332126,0.34574861142892777
709,0.3675144615864355,0.3333426866130131
710,0.38365320497368055,0.3446396853197248
711,0.3868730091226183,0.3457835863080819
712,0.4152514774246316,0.3707211980698961
713,0.37557464538490976,0.3336485499702714
714,0.3894198608000464,0.34548204807568395
715,0.3968820159207437,0.34425289051240426
716,0.37764820609065713,0.3208519332220799
717,0.3926349734298033,0.33458096080213595
718,0.4170495609245541,0.36014569624886145
719,0.42532616604171725,0.3712291230181235
720,0.44077028088829795,0.382482180606663
721,0.4662841700209598,0.39465460079934045
722,0.4398333122009591,0.38778661312596024
723,0.4259794839838342,0.37611226224156663
724,0.4749744225283432,0.421498557339762
725,0.4644381395078247,0.4119882657445353
726,0.47298221507429006,0.42933601919133907
727,0.4987077853153422,0.45315776641950867
728,0.5557476131375707,0.5066447524486739
729,0.5062217959385373,0.4631145772554786
730,0.48266940273314657,0.4421503368083171
731,0.48761436869252334,0.4461738013056898
732,0.5429303866636845,0.49565862037404773
733,0.5802924295363349,0.5282605858985071
734,0.5884711506796177,0.5337741290172325
735,0.6062483116628641,0.5547557662036675
736,0.6153480248235758,0.5660139465680769
737,0.6203787528120615,0.5708958604613169
738,0.621048684576959,0.5679930628501607
739,0.671573012585665,0.6177267578020837
740,0.6570398455086214,0.6052816860152281
741,0.6970140499549573,0.648877593427385
742,0.6932842592472872,0.643755209387198
743,0.6613679672430564,0.61763888010954
744,0.6066783538714623,0.5667742683821608
745,0.5726198906979371,0.5453743695960639
746,0.5341375887419617,0.5033842746128165
747,0.548975200642952,0.5046958906863095
748,0.5737905404979644,0.5278474910901665
749,0.5679602038115837,0.5280578740204139
750,0.6033656224560074,0.5655904019029293
751,0.6130276970721293,0.5691229126186458
752,0.6259003333109897,0.5842731670251976
753,0.6479924515693665,0.5966888873355713
754,0.6752106966023245,0.622627076640336
755,0.6981396979652309,0.6511824013469718
756,0.7112405873515176,0.6653684379420315
757,0.7090025552472331,0.6687712489833358
758,0.6329730041100007,0.6056311364231933
759,0.6156812094810535,0.5907855551363722
760,0.5943285917412972,0.5794959308730581
761,0.5394544581105035,0.5264830388521936
762,0.5111273270996852,0.4944415729934828
763,0.5179696996209245,0.501402599701929
764,0.49748632163644857,0.481084844591357
765,0.46586307589342313,0.45204873713816585
766,0.49583770377958897,0.4788008477843563
767,0.5005028679378907,0.48457042769036146
768,0.49691171087329095,0.4813163673165149
769,0.5046863066045568,0.4893967683529201
770,0.5514649783739928,0.5293508730426332
771,0.5912743731899213,0.5596244200801553
772,0.6023181403248964,0.573493386295298
773,0.5775879732079456,0.5513468568389953
774,0.51997072817201,0.49727901295238824
775,0.5079475899707407,0.4800163265715517
776,0.5048034397465031,0.4738731184420996
777,0.5155304294877058,0.48319118709165665
778,0.5414835509122257,0.5019757257752839
779,0.5242846604986859,0.4900624291014622
780,0.5144624020870476,0.4785441635089347
781,0.49524809328226443,0.454622403959166
782,0.4714743919722534,0.44369540558027587
783,0.46363746774585907,0.43156876152512946
784,0.46912688895570187,0.43502273749361803
785,0.4523283037769023,0.419147350265496
786,0.4621765416356902,0.4352401645002931
787,0.4843425787996828,0.4627836824617768
788,0.52035398990231,0.4982132830854443
789,0.5487091348959783,0.5202411449354387
790,0.5768118835531589,0.5445109821932907
791,0.5481088263698501,0.520404272353377
792,0.5221716983814095,0.4944247769665823
793,0.5225569899734125,0.49656814961389056
794,0.4853426681307681,0.468289664016001
795,0.43831751518585826,0.42733774281430104
796,0.40667445061538793,0.40057289182810646
797,0.39945722125007505,0.39661020975861
798,0.4248509177718501,0.41560612230727156
799,0.4474320136238773,0.4373541703869838
800,0.4573714286537788,0.4511164801073586
801,0.44772738621905284,0.4425499775593466
802,0.44522226709395646,0.4395143010233422
803,0.41189814433856964,0.4064514414361614
804,0.41301162789428636,0.4043777466200178
805,0.4466961788153605,0.4323484076303334
806,0.4794956091061144,0.46223146213912825
807,0.4838323281738659,0.45811177336553216
808,0.4739920004221699,0.44700732333904214
809,0.45891230886282136,0.4370789365039666
810,0.42884243084376117,0.41567207337758133
811,0.45483631482928405,0.44189562970253315
812,0.44692496953625943,0.42818595796990133
813,0.4350166472190896,0.4163937092909339
814,0.41603898122804084,0.39850296091008414
815,0.3710763788205398,0.3597113969512718
816,0.289027684287365,0.2876104374057542
817,0.31812516046706574,0.3142731088532303
818,0.35247381555514234,0.34700285854908425
819,0.32827608182966395,0.3242201830674547
820,0.40591994808106546,0.3747417007484265
821,0.44538406978987516,0.40624027773141885
822,0.4582726337578807,0.41901582485133665
823,0.45751146708765816,0.4179731889357744
824,0.4563929518316003,0.42067195648018185
825,0.46421250233654804,0.4277903008014463
826,0.48855368839667895,0.4451827305833796
827,0.4786922988208879,0.44013265706922877
828,0.4385600027514376,0.40626660437537476
829,0.4404840490081534,0.4145179997484475
830,0.4381801302176306,0.4141354700126246
831,0.37389488658909187,0.379712724541393
832,0.3873386940869177,0.39659485556319435
833,0.40839071845683306,0.4146624932856387
834,0.410602886468469,0.41901599484638613
835,0.42527879132145474,0.4319638983246746
836,0.4496896091289981,0.4515698894162321
837,0.4422947853408251,0.4438956938372925
838,0.38786290578863253,0.3960716801224634
839,0.4337088002250653,0.43339245274007193
840,0.4678309042051448,0.4630525243772762
841,0.5515135656005583,0.5415487233153684
842,0.48003112478533555,0.477335346718527
843,0.4046077109693553,0.4054656008205083
844,0.41711153681180685,0.41979284958380736
845,0.45548923557195503,0.4544923292843578
846,0.42979799180129363,0.446437279807048
847,0.407586357694643,0.42897658636530406
848,0.4103081479670494,0.42628231786546056
849,0.40715972185616683,0.4050841447375188
850,0.3814579686806383,0.38134184278525163
851,0.3848615571913346,0.3859622874295699
852,0.37443461274081585,0.3724065376810943
853,0.37344004420923865,0.36903599601511095
854,0.3971813965064253,0.3926484864323113
855,0.41337527067305324,0.4071148003264672
856,0.4183919178723256,0.4149864582181112
857,0.4284126530627425,0.41357487345668803
858,0.41173042155061723,0.39455456976900133
859,0.40639899627429127,0.3969650605941133
860,0.41453329510216064,0.401770318393848
861,0.39069850290376623,0.38047902241709114
862,0.3912248984400768,0.3801858332764517
863,0.37872629765699956,0.36760274585761477
864,0.4154128007938772,0.400880423376683
865,0.40793202427189196,0.39331714277966434
866,0.40386034230913737,0.382587433454284
867,0.3972656778171236,0.3749410609993951
868,0.4818848177637827,0.444750881610621
869,0.4547169331752472,0.41688206034101777
870,0.4530961438068352,0.4117628772716079
871,0.43743910771511796,0.39775198413094875
872,0.43407749950073937,0.3911087204449436
873,0.43508550730963724,0.3957153214382196
874,0.4093166687057758,0.3808538739204625
875,0.43391480967074614,0.40448744802839504
876,0.40398285950357327,0.3766227279647093
877,0.37357983437553033,0.3474720254257389
878,0.37457637105672925,0.3493285622483479
879,0.37639922817494703,0.35364459216768784
880,0.36364456755616864,0.34204806204300103
881,0.38079464977161237,0.35593689560075675
882,0.39781617486010296,0.3718142870055534
883,0.3701631595832698,0.34770991604297213
884,0.3598126776699663,0.3428908312155773
885,0.35324680393319574,0.3408463773778753
886,0.3673355200608421,0.3529476277592058
887,0.3701231915474428,0.360181208298778
888,0.3943473429821379,0.3821119357888487
889,0.36772581404706683,0.3557718828152803
890,0.3436405970863551,0.33247737589388
891,0.3261595707115735,0.3197315480588658
892,0.3385498488243744,0.33221756818264864
893,0.31854821023701957,0.3230756984476349
894,0.3484295722113803,0.349703389551335
895,0.33671825048037013,0.3389271957534113
896,0.3368114377405497,0.3437940677854313
897,0.3362854273512161,0.34509673587309325
898,0.3379993639970119,0.34127698683878177
899,0.36131513914210883,0.363014017159704
900,0.35638396961573193,0.35890409249406385
901,0.3658268068519688,0.3675357308600695
902,0.38914449198844786,0.3907586581001945
903,0.3981605321393827,0.39570546121318634
904,0.3905042186663125,0.3885896928486569
905,0.40384736703580565,0.4014035911274489
906,0.3836062278822786,0.3859390061879473
907,0.3888020652358508,0.38770870920624145
908,0.4182513399290336,0.41661799931406895
909,0.417948697796523,0.41101963421522764
910,0.431221305155371,0.4194422251937471
911,0.4195012650770951,0.40918141092547605
912,0.4149314846663626,0.40138348548347447
913,0.3980299340719206,0.38500350236734776
914,0.43400073993973837,0.4199051342841661
915,0.42779909378300596,0.4196705008258463
916,0.4065572078464535,0.40159413541365235
917,0.3729579863928221,0.3681852537515091
918,0.3872024024846971,0.37987367221142493
919,0.36649740339603143,0.3629572695555264
920,0.3314628574260635,0.33401391098911126
921,0.3175823444702424,0.3202655681855087
922,0.29187660397992987,0.2956253197373078
923,0.2610742839917426,0.2649958195601329
924,0.2715871652691867,0.2712379728339432
925,0.2691956193413414,0.26741105722861497
926,0.2572380388680294,0.25421941811839766
927,0.23898112409141917,0.23720812419501444
928,0.2313822986167959,0.23209619866430442
929,0.21954763507535183,0.21826527371793536
930,0.21632949890720574,0.21484978585350514
931,0.18379727241948385,0.18620215997856301
932,0.20962810915693908,0.20732127814670076
933,0.20445403229674305,0.20415524927870468
934,0.21954909515001617,0.21645451269334343
935,0.22170310752598466,0.21764461728171242
936,0.24810604343862036,0.24343487914815917
937,0.26644992761256836,0.25820366796073374
938,0.27721389210208724,0.26692372276252974
939,0.3010458995597193,0.28678831309441666
940,0.3008157388102821,0.28882075288023945
941,0.3224235149503355,0.30318861687073867
942,0.35430503419133824,0.330200680184941
943,0.33726344913702766,0.31799743598443486
944,0.31330464431301963,0.2941304180386678
945,0.3065669350508557,0.28418710879280284
946,0.33107266231637117,0.3073738150647176
947,0.34415708175586546,0.31890537791910634
948,0.3873966988014698,0.3551179542078151
949,0.4124643501933851,0.3791392211525164
950,0.4063060699713544,0.3746465879777617
951,0.37192484693609057,0.3445490479697527
952,0.39017834966246623,0.36273932978432755
953,0.4178330928819489,0.3875156681128793
954,0.40531337262405226,0.3772562894930104
955,0.39139511865077453,0.36804964876410795
956,0.4534522687682033,0.4217192272474974
957,0.4449083604283555,0.41677202546548464
958,0.40538508216878044,0.3778462729886619
959,0.4031804205142782,0.37907811358368987
960,0.39276944056547775,0.3689733218009686
961,0.36013157482735475,0.334284983663256
962,0.35147139279267103,0.3254079086282419
963,0.3347981974966317,0.31459786277633994
964,0.30992436017176017,0.2963775008545666
965,0.2864081758059826,0.27287859349511157
966,0.292456364367306,0.2736706313038478
967,0.26450711267061394,0.2482764743926087
968,0.30347802449672323,0.28269185770465793
969,0.33252008288805057,0.323476612070988
970,0.32831462616048274,0.3236033135685966
971,0.34824568931528405,0.3386976049345014
972,0.35342885218820674,0.3420930219010729
973,0.324384415103678,0.3162715699796404
974,0.32261952866330335,0.3154650962851324
975,0.3269623890095787,0.3195805371645526
976,0.31382361604902076,0.3091607225392906
977,0.3330542782575217,0.32354565716620964
978,0.35587748141236697,0.34425686669181027
979,0.3421564353795813,0.32837498588374375
980,0.3399554499639701,0.3325270657670651
981,0.3565048153931407,0.3452615169536656
982,0.35264960658497246,0.3431799911079952
983,0.3422203607886547,0.3327014891834541
984,0.37881937089076034,0.36688792115685276
985,0.37290624046103943,0.35994317096923
986,0.35075123141122977,0.3388800801155869
987,0.34160480912072483,0.3307692757678031
988,0.3159316974217716,0.30669394111500947
989,0.3208714153859723,0.3119096691203934
990,0.3049931954591043,0.29990517813961554
991,0.3055448877154256,0.30240534392609797
992,0.3311032460177956,0.3276273681124748
993,0.33909116950683116,0.3326184451514948
994,0.3248653738070666,0.3144743263095879
995,0.3217444832890175,0.3084590283954156
996,0.31876199670751826,0.30809488757395836
997,0.28835491591439105,0.2831910916680169
998,0.2898674428010348,0.2852624742941566
999,0.290458745150811,0.28725590924994604
1000,0.2897453860754358,0.2868039829573984
1001,0.28925146745545777,0.2856793727160524
1002,0.30135057720501096,0.3027711331363769
1003,0.27864521653901486,0.2835886839485722
1004,0.2920352727032554,0.30301905192604756
1005,0.3002042306422545,0.30689742339037634
1006,0.2961668659418752,0.3038457824503867
1007,0.29400670347828295,0.30093654774233447
1008,0.3011496602754295,0.3064552963575217
1009,0.29992299572021835,0.3048974232835452
1010,0.2954708380074788,0.3025024221794414
1011,0.32990027054912685,0.3355943455593852
1012,0.3446090574191776,0.3491104509632035
1013,0.38169364656751154,0.3839228583353274
1014,0.3716459155804671,0.3750524046507699
1015,0.3872095703408435,0.3855219247754426
1016,0.38140203121807503,0.37900310946526145
1017,0.35280142391961233,0.3519198936313877
1018,0.3467274886220539,0.35033414386295586
1019,0.3611199118859009,0.36563564702746265
1020,0.3373746644237744,0.34758301356854027
1021,0.29938818802260103,0.31200424741295557
1022,0.3060599016345581,0.315385702665553
1023,0.30030974695306445,0.3053372020082612
1024,0.29833391754110744,0.301385084782568
1025,0.2647712956794748,0.2702171528526507
1026,0.24098208752304248,0.25180536889040245
1027,0.23728974422313046,0.24596544770940623
1028,0.2331431541415027,0.24133246406826817
1029,0.23726832128966943,0.24584632017828809
1030,0.26238637790872443,0.25898513682338553
1031,0.2309673202405573,0.22687307210580768
1032,0.220221533353249,0.2165277681592125
1033,0.22252701767332575,0.21213194472328611
1034,0.2082035806806108,0.20492543582804304
1035,0.22730949268512018,0.2204926081994439
1036,0.23859458282435747,0.22437878245163176
1037,0.20847315944965855,0.19529626508061815
1038,0.18976257611228003,0.17700354792531703
1039,0.18395910712662786,0.1716268917629976
1040,0.19933187409838035,0.18544700873608258
1041,0.21806133044018486,0.20244687676957795
1042,0.20505383969635202,0.19075482994638782
1043,0.21881034954742193,0.2008443352421526
1044,0.20577954484363956,0.19155643802590347
1045,0.2066150687616403,0.19097113041599156
1046,0.21650761610225872,0.19706263436331872
1047,0.21947462815159277,0.1971989686602624
1048,0.24655084774090363,0.2187651726557495
1049,0.21832138336736698,0.19638725867513424
1050,0.2271199401123217,0.20868147595827222
1051,0.21522024709390072,0.19600627417905278
1052,0.24413131069739874,0.21998638449659014
1053,0.2551586969832097,0.22827946611245964
1054,0.26565937350846236,0.23648853675696624
1055,0.23979413553600248,0.21563278237975034
1056,0.23270729458109524,0.20690416860876093
1057,0.22465211311319022,0.20243326910554904
1058,0.238590505736817,0.21715264074449236
1059,0.22426353415783684,0.2066112932975002
1060,0.23350345639023906,0.21848689089293266
1061,0.2585588293424957,0.23720674684676976
1062,0.2513436930622647,0.2307545864460804
1063,0.2403158230261204,0.22464247625221448
1064,0.253059821874472,0.2371829775883879
1065,0.2580933534858142,0.25057355977912815
1066,0.24158754197403906,0.2356734604197238
1067,0.24939293800513632,0.24485865985074762
1068,0.2565398983485515,0.2512831849474287
1069,0.24917016650599574,0.24415122647852852
1070,0.25076449369847675,0.24598775401249176
1071,0.2438817591208295,0.2399102566794741
1072,0.2393436469371784,0.23511618347022475
1073,0.2716337055369503,0.26220140527118935
1074,0.2638805861243199,0.2557231044203404
1075,0.27899182961331176,0.26855375984839985
1076,0.279192651986321,0.26634085236752264
1077,0.2907931340389215,0.28257219740542944
1078,0.31832246403535186,0.30635554343796745
1079,0.3129484040577726,0.30259546780268903
1080,0.3423395952114243,0.3283937887634825
1081,0.34215108298023345,0.3309752215588385
1082,0.33465444837124825,0.32729824039305344
1083,0.3233839657310099,0.31686043772575084
1084,0.3485652852388335,0.33698465396223803
1085,0.3274618137861785,0.3141002717477576
1086,0.2958717630615672,0.28717814515703044
1087,0.2663628769669243,0.2578051364968824
1088,0.2591802867899078,0.24863610985963147
1089,0.25593913628262016,0.24488132372114357
1090,0.25251642783533396,0.24122643798581742
1091,0.27499339778150794,0.24857925519643853
1092,0.2524319706815354,0.22713825245884808
1093,0.24571820696087962,0.21986098534480214
1094,0.24865006270863416,0.22107353793161413
1095,0.2736478468945714,0.2438245009922363
1096,0.28323654172946167,0.2565111411283447
1097,0.28406585420725433,0.2570574957121461
1098,0.28458864058234573,0.267694311777625
1099,0.264619090623601,0.24836484848301002
1100,0.2538682806344948,0.24199944883426164
1101,0.22673191304505247,0.21844080464602994
1102,0.22021169750108852,0.21477288891351895
1103,0.21975736655580475,0.21629990773537744
1104,0.23166709466312072,0.22509338183242714
1105,0.24145138950222111,0.23353911735993
1106,0.22392058851139202,0.21959827014722355
1107,0.246115541832346,0.24519114561176966
1108,0.25861605489093553,0.25313998432189705
1109,0.24683586389194379,0.24003915211748908
1110,0.26822340425468444,0.26029247169057274
1111,0.2952786348729035,0.2830001633801053
1112,0.29620399092652006,0.2820431348271526
1113,0.3045360735060306,0.2906437515926652
1114,0.3005794000874476,0.28833555846958886
1115,0.30674377125918323,0.2981130393295102
1116,0.308135502249095,0.2988993161816649
1117,0.33083071276345904,0.3199247137509481
1118,0.31679124771537864,0.3081612684895754
1119,0.3667177483984621,0.3639727092581554
1120,0.3658001969916257,0.3629454142955302
1121,0.376297162609782,0.36753960360775745
1122,0.38071906847578746,0.3675701647343535
1123,0.39225295138346994,0.37450235571567736
1124,0.37697338178497086,0.35184045055782404
1125,0.4316128186192121,0.4026156666250151
1126,0.48899871967032954,0.45277970051282684
1127,0.43567863193548456,0.4027693842481577
1128,0.4338041703657363,0.39637092322771733
1129,0.3827306005270839,0.3532779618081997
1130,0.3882728817888184,0.3563650774993951
1131,0.4047525915574583,0.3716220267233563
1132,0.37943135237621856,0.33855234500876624
1133,0.3739827876629888,0.3448509575217131
1134,0.37339466990458337,0.350880303771979
1135,0.3748295425585221,0.3486376482724238
1136,0.34941160972947544,0.32084334063906333
1137,0.34992654813442836,0.32535561066032215
1138,0.3316607870991432,0.3078240865887282
1139,0.33030984983078376,0.3044491835908156
1140,0.3630152806347407,0.3308665893978222
1141,0.371708705381067,0.3351356428586281
1142,0.35922455355048916,0.3241748843144942
1143,0.34398798135315445,0.31175794955713904
1144,0.35267727863401244,0.31378923136684295
1145,0.33519018786507776,0.2985550818531352
1146,0.3271601207137512,0.2944122506129234
1147,0.3358411091082527,0.3036613277812593
1148,0.3284253407539915,0.29885240492457044
1149,0.36451484168513726,0.33364827834717176
1150,0.3610024081208473,0.3291671607527884
1151,0.3605561685675848,0.3267404216900158
1152,0.368040393236338,0.33492277211030735
1153,0.3607167185069586,0.3292857273611288
1154,0.3921480194401935,0.3562981664962539
1155,0.3868128937719738,0.3477875701394688
1156,0.37544459282683984,0.3383408617155392
1157,0.4010022401547488,0.3600323035608552
1158,0.3989064056547796,0.35646586515855533
1159,0.41049090132120325,0.36194169996775766
1160,0.40250955937268323,0.3535810785658322
1161,0.38998436803788156,0.3466588491592661
1162,0.38847282220295476,0.3450600782126751
1163,0.3723124052273469,0.3331192984377448
1164,0.36414734765088286,0.3269792826454836
1165,0.3494095957128975,0.3148571535735421
1166,0.34264664154932595,0.3128684177309142
1167,0.33384617888378976,0.30468121790313246
1168,0.31583300019699556,0.2872859682030333
1169,0.3434697138073767,0.31099670838732
1170,0.33888820208392856,0.3068250634315414
1171,0.3532218197244452,0.3196265208223994
1172,0.3609346216862628,0.32804340741891935
1173,0.3122958701216815,0.2839172207665338
1174,0.2910049232258948,0.2614179192714451
1175,0.28585668615249843,0.25320452750568717
1176,0.28640953727428886,0.25266128306439484
1177,0.2630266641240697,0.23504049444507413
1178,0.2718706611314005,0.24031988270204988
1179,0.2827065020274966,0.24911534903436533
1180,0.2771972284083826,0.24508436480975654
1181,0.26742896746944345,0.24437920562026116
1182,0.2628341962411552,0.24306936108959215
1183,0.2642892417965615,0.2470091833578233
1184,0.2506076081255782,0.23585657406921928
1185,0.24608280054192527,0.23247891348475386
1186,0.25403372301498367,0.2402682110522017
1187,0.2480918369981081,0.23443615474726584
1188,0.24408420113497348,0.23201695767994893
1189,0.2609383409389108,0.249784831250352
1190,0.2707537827961194,0.2602327271693888
1191,0.28142272979751554,0.2635462015358468
1192,0.27377302789954716,0.25905884111393906
1193,0.282501712356036,0.26929504552770905
1194,0.29600838895745873,0.27875688190185277
1195,0.2884653564358191,0.27255440925618435
1196,0.3031934204859524,0.28354400294927834
1197,0.29877221339828375,0.27752405276629133
1198,0.3420945172202556,0.31797121963352
1199,0.3301580314832383,0.3100375146833494
1200,0.3227386856031883,0.3052721478259023
1201,0.3010385935801723,0.2877451060087751
1202,0.3091150940663848,0.29349997899638264
1203,0.31188884749624834,0.29959236215504514
1204,0.30576041106054486,0.29515877382102307
1205,0.33206608585263375,0.31984364811493354
1206,0.3474079330023319,0.3286049693413317
1207,0.35442391763594816,0.332477834592486
1208,0.35966776437804315,0.3299439740758488
1209,0.32941589878948946,0.3068697109043016
1210,0.333001862932286,0.31194036696177346
1211,0.331405548103957,0.3065304688088424
1212,0.34219779712325843,0.31648610659923054
1213,0.34756784882719116,0.3207039802454562
1214,0.39218092286487133,0.35199835827020015
1215,0.3674100226150319,0.3369280297264301
1216,0.3489522526214206,0.32570669727929014
1217,0.34804524462197534,0.3268570227334894
1218,0.3612413408788392,0.3427852744154482
1219,0.35880399239687794,0.3393663855853558
1220,0.3234863268905205,0.3110570702863734
1221,0.360802105485838,0.3468348005273888
1222,0.32949185037780304,0.32260212422904505
1223,0.3049299723680655,0.3044221613479576
1224,0.28103606914459595,0.28553716055604794
1225,0.3074027473984212,0.3067497395508071
1226,0.3074027473984212,0.3067497395508071
1227,0.34261747802816084,0.34062240187608434
1228,0.3502678787182456,0.3499130069340163
1229,0.33275116790904824,0.33415301267330777
1230,0.3364571185874797,0.33649682890190813
1231,0.3308509253015516,0.3292755233438474
1232,0.3376292612563597,0.3373845663292666
1233,0.3502152937281795,0.34606891646668675
1234,0.3376533081035868,0.3358393427351068
1235,0.3438181889570523,0.33794748837364735
1236,0.32352422222789057,0.31882259194957385
1237,0.2997960526248561,0.2985903279593054
1238,0.2876297019104848,0.28784388163596086
1239,0.26850658010485573,0.2704966130255299
1240,0.2487724099631576,0.2520097690910574
1241,0.2512727486579648,0.25355174985100437
1242,0.24337513160935592,0.24527195385939113
1243,0.2476683298057082,0.24546870274536875
1244,0.2481252500925726,0.24683818500980886
1245,0.2719769510749206,0.26801686971145344
1246,0.24689823967211036,0.24309725763442913
1247,0.265399580764441,0.2546593731737891
1248,0.2548722628372359,0.24318734272445525
1249,0.23332758835837616,0.22270368602889928
1250,0.2384909604622025,0.22188434509235927
1251,0.23408928413356347,0.22494110038005233
1252,0.21657149854617583,0.20950977405628698
1253,0.18815564474024224,0.17873088781063956
1254,0.2307857903801471,0.21800862374292707
1255,0.22302353963536825,0.21255609407266113
1256,0.18969283738038328,0.18739682582423486
1257,0.14413516467641055,0.14524614090643967
1258,0.1577733230678553,0.16044613712246747
1259,0.1550580063485589,0.15834508450153711
1260,0.181123994517084,0.17747596700967466
1261,0.19035765447375322,0.188483438095706
1262,0.20679331097439416,0.20263345106918393
1263,0.22787190055879653,0.22347105962909128
1264,0.2454288579684028,0.2398468271271887
1265,0.26948041569015785,0.2592222703814157
1266,0.283097325415677,0.26965562165516316
1267,0.29513811238415316,0.2832438595539811
1268,0.2856804858039617,0.27547920024302736
1269,0.2965345982610952,0.2839133247509944
1270,0.28799528272348873,0.27302530605193315
1271,0.2763320557951414,0.26286224838771893
1272,0.2808033588077494,0.26955823905986315
1273,0.30195938763293323,0.2890544710165704
1274,0.3237505375914797,0.31077970975239066
1275,0.30467173110542434,0.3020175040637086
1276,0.29867369491120377,0.29782723924122845
1277,0.30516081188148025,0.2989527738472814
1278,0.2953429451485545,0.2878914898650243
1279,0.3109106617830145,0.3022345314149078
1280,0.3020509419658387,0.2882391822235043
1281,0.31511405965192973,0.30104268027920345
1282,0.40430456727396874,0.37783643505769815
1283,0.39451510615874696,0.36617089578535683
1284,0.3696740607069418,0.34147251019773844
1285,0.39316285472232,0.363649461128292
1286,0.37001114676022584,0.341274186983096
1287,0.3834603551417658,0.3505248222830719
1288,0.3639035727238759,0.3336978293735545
1289,0.3533888742163854,0.32451926820885885
1290,0.357435472595771,0.32719093657419646
1291,0.33440712781101933,0.3088252502148354
1292,0.3063850487726041,0.2828338757755525
1293,0.3094121814922537,0.28204849359373985
1294,0.31776663097707,0.2906470002228495
1295,0.30056721351920057,0.2758977179779032
1296,0.309809615106502,0.2839487638450258
1297,0.31698554177768806,0.29347906736444296
1298,0.2967964538894177,0.27228095374288536
1299,0.30031329143993224,0.2776389688002379
1300,0.302179872871939,0.2764289933213858
1301,0.3060011365330844,0.2746844765484491
1302,0.28882174198418276,0.25740462380688767
1303,0.29006702115114485,0.25759702405722923
1304,0.27723190315516955,0.24812370890441074
1305,0.28094705709995355,0.2543878279629694
1306,0.2866006529698061,0.2599829801421701
1307,0.2926110862804475,0.26348971156134954
1308,0.29665687972121374,0.2688104250176896
1309,0.3029255645941295,0.2742925503826442
1310,0.27845069199134853,0.2536509598440092
1311,0.2835422076611993,0.26069804704278193
1312,0.28661418743946737,0.26357689084758845
1313,0.28973942075499076,0.26689560088372044
1314,0.2885967232958904,0.26594818122609715
1315,0.30240269015476795,0.27812823160209144
1316,0.2972421876851321,0.2740369769513146
1317,0.3213797154716841,0.29830585298602086
1318,0.31292011967930244,0.29066077811665664
1319,0.3274313803438209,0.3027183727343968
1320,0.3331594589477456,0.3076412424662696
1321,0.3175220540598314,0.29606393122598984
1322,0.3159643005803842,0.29259505248333384
1323,0.3126427776653426,0.2937082153213851
1324,0.3056140879832197,0.2848587682620313
1325,0.2950002342001402,0.27557437668527884
1326,0.2935149957685689,0.2755829659841601
1327,0.3119737888449146,0.28657201196161497
1328,0.3013353997416052,0.2772962172777102
1329,0.3191299612637086,0.28979528198456495
1330,0.3189317190384464,0.29054187025206507
1331,0.3217396011240851,0.29347657386150067
1332,0.3413772338215932,0.3098837577150594
1333,0.3329673881563074,0.2995266637492958
1334,0.35725060129474784,0.3214176812714989
1335,0.36396147656456596,0.33315372136397453
1336,0.3596110224015614,0.3236253499701146
1337,0.33199829617235976,0.2997807285706153
1338,0.32038718683294903,0.2859644799065709
1339,0.3226624727526689,0.28816615087661546
1340,0.32111949794024747,0.2851504495909185
1341,0.330577931515514,0.2918146503450772
1342,0.3288666419749174,0.29215831052765845
1343,0.3368126763687445,0.2978767112220889
1344,0.31285184090348733,0.2783415592299442
1345,0.2894028554307163,0.2598219440092186
1346,0.27988410211938547,0.2515791217730583
1347,0.27386342339072994,0.24582524823730154
1348,0.25898878876314085,0.23444591824373617
1349,0.2774089194529284,0.2534737240399895
1350,0.2936628986335189,0.2681024606551824
1351,0.3033992543952409,0.27823008632592405
1352,0.32662167182895047,0.2963176594506974
1353,0.346110935165211,0.3194135457410442
1354,0.3671292812676309,0.33678411876162223
1355,0.3672976262648092,0.33657331641211563
1356,0.3567501056191615,0.32843354878187697
1357,0.3394124980361642,0.3121570932186793
1358,0.31882333836897925,0.2941399936103447
1359,0.30128428168110905,0.27904499290928364
1360,0.3077584612056287,0.2854747645505494
1361,0.30743086998840363,0.2816921584417287
1362,0.3013207462613621,0.28121337381275
1363,0.32703820819789164,0.3016186787027517
1364,0.35278741519017337,0.32580354837658915
1365,0.3298736595470146,0.30440256854954423
1366,0.33233267983232107,0.30515023006230907
1367,0.3266770741836373,0.3005255428215347
1368,0.32009173097849536,0.29417578558957025
1369,0.3339692821240632,0.30631858895125547
1370,0.35169989978568733,0.3194912439237199
1371,0.3665222198999327,0.33591083670364985
1372,0.39254030332266143,0.35772262123296583
1373,0.41629476874338545,0.3821160836542667
1374,0.45004028173482086,0.4006216663193247
1375,0.4666764068221687,0.4094926955218856
1376,0.4490882060018167,0.39408720704575484
1377,0.4126219339418375,0.36055925324995636
1378,0.39712923856598464,0.35000405073581203
1379,0.3776881633316863,0.32810832778338817
1380,0.35946043367035807,0.31419363074554046
1381,0.3641968648877229,0.3224797251820987
1382,0.3571157675830749,0.31386795366916875
1383,0.33920371324665416,0.29848086823031644
1384,0.36838082950897905,0.32680828452567595
1385,0.35539170122501756,0.3122799133714422
1386,0.3253111570158246,0.28513062890068075
1387,0.32165637067328445,0.28402158295462054
1388,0.2972423123896508,0.26499436761623696
1389,0.30241965428174183,0.2729894081383985
1390,0.27123236229706404,0.24979466161827008
1391,0.28724768684976043,0.26621402218416995
1392,0.25962860525826037,0.24270438985740134
1393,0.27413601104979934,0.25593232232445334
1394,0.2847364944436446,0.2598444444263806
1395,0.27435265833428024,0.25094041219168345
1396,0.2535647771242839,0.23596401435090109
1397,0.2372621502002129,0.21619716976852
1398,0.22325597138964887,0.20459783744678453
1399,0.21037973849434904,0.19470814543823842
1400,0.1829681393819069,0.17067387717753546
1401,0.15994545138354987,0.15925782848779474
1402,0.13132949340045474,0.13609914147767793
1403,0.12613858372507,0.13151412198571155
1404,0.12817548280129357,0.1336709801700032
1405,0.12141783488038069,0.1231998053734142
1406,0.15586043429262691,0.149664800461657
1407,0.13745764020234974,0.13108354484050436
1408,0.10936555507512921,0.10815431316939338
1409,0.11310437137253344,0.11137509999193898
1410,0.10750457974837954,0.10550926748159287
1411,0.11768406038399791,0.11521239301506757
1412,0.1433765888132688,0.13773724451025232
1413,0.12532498314816953,0.12009637762480034
1414,0.1374456742490614,0.13123400533682733
1415,0.131466281208201,0.12868683407886444
1416,0.15370209222020706,0.14450049255405142
1417,0.1300995709781859,0.12181700071907527
1418,0.13320498697023117,0.1239386353900405
1419,0.1480278816522839,0.13509294683438045
1420,0.146565470204564,0.13333382627329
1421,0.14170775001262573,0.1287344296880965
1422,0.10220103194852535,0.09905773561158855
1423,0.1052645861369364,0.10076494673907112
1424,0.1113826542829236,0.10431731659938295
1425,0.08457222899207553,0.07850448129887255
1426,0.09230453251455494,0.08311246814794045
1427,0.09355682900913151,0.08572792682711622
1428,0.0960217024973585,0.08357169798839292
1429,0.11415584119855976,0.1009646951151629
1430,0.12902195691368376,0.11959286753797506
1431,0.12816200451254436,0.11837978888432904
1432,0.16480804965428383,0.1562146974519465
1433,0.13038477850623717,0.13214179479747662
1434,0.16191262810654955,0.16723715376930545
1435,0.1653373857161097,0.16777881144180276
1436,0.16797982884079518,0.1723590691945263
1437,0.14503141513798595,0.15177183307516695
1438,0.15747543148624585,0.16104379889059062
1439,0.14092741854019697,0.14701299679409005
1440,0.1621578393315889,0.16663851755002737
1441,0.17207296033435884,0.18007504844357977
1442,0.2103639473187436,0.21347085479240988
1443,0.17710994853355053,0.18373448208964466
1444,0.20428389351966098,0.20875432433571392
1445,0.21347150680449659,0.20949055742889544
1446,0.20485618701438763,0.21285701334944107
1447,0.18098928636271977,0.18669318534283222
1448,0.2101022855202477,0.2150752826694447
1449,0.19525237111374716,0.20326273303309977
1450,0.20206253853163583,0.21108585019962792
1451,0.21157151412671008,0.22189248114768728
1452,0.23998596088890048,0.24883167478722498
1453,0.2394518797387728,0.2480833969617512
1454,0.2580206190456826,0.26308236882173003
1455,0.2602087678829428,0.2645909083584614
1456,0.2525154614923492,0.24490543700810521
1457,0.2642604086117476,0.2547049892632104
1458,0.2701919004860658,0.2591318867820711
1459,0.2655765851157727,0.2571037428793083
1460,0.2582985795976285,0.2511083312659494
1461,0.2966938468074718,0.28665519148235974
1462,0.3042867418579749,0.2934924328437308
1463,0.3462943462638597,0.3292704649948703
1464,0.32122896445627097,0.3094944423748168
1465,0.30019332517489117,0.290778141100496
1466,0.3153642791115197,0.3031639116132139
1467,0.3230729898435777,0.30491268036900765
1468,0.32370194802223834,0.30509948491384975
1469,0.34972775312039284,0.32888846287100204
1470,0.3412524947149092,0.32091834018919946
1471,0.33968805326424045,0.3231136725934504
1472,0.33153801337620903,0.3110117776572038
1473,0.33469895438131037,0.3128746652805691
1474,0.3609162873050041,0.33515607434269196
1475,0.35460131801903483,0.32826598249618705
1476,0.3327948854565605,0.3049425687975097
1477,0.3554688598541896,0.32634549198147017
1478,0.3406063624531005,0.31297253511740697
1479,0.34053048951207854,0.3122907676683517
1480,0.34457260985154753,0.31743582288437333
1481,0.36138178477542077,0.34202517667812177
1482,0.36107242757552455,0.3456854148048078
1483,0.33388819880204235,0.32161124755794507
1484,0.3320975540972922,0.31954907652011094
1485,0.3508033139469274,0.33396196762761865
1486,0.3511126828150611,0.3328484254560456
1487,0.36454779227453615,0.34342140385867553
1488,0.35251800542068534,0.3312657574723675
1489,0.32882362340103494,0.30826205453479055
1490,0.37561652312523136,0.3500423233846512
1491,0.4309419918045714,0.40116767627152994
1492,0.40804909792568717,0.3870452390507578
1493,0.38255721942642446,0.3624174627477046
1494,0.3803030421766845,0.360838496963279
1495,0.4145513309764504,0.3921471753555572
1496,0.40242552858596753,0.3791465291566931
1497,0.3869607958386153,0.36469095738975915
1498,0.3884715426132649,0.36999610295467145
1499,0.3832059619938849,0.36300092376360377
1500,0.37471083819235756,0.3551757000850686
1501,0.407968732646301,0.38789913614214916
1502,0.3874625362488706,0.36675434261420486
1503,0.4188913346267592,0.3912237153887698
1504,0.4254430640181301,0.39811767389891056
1505,0.40708799808130713,0.3824545901924532
1506,0.39713560726209973,0.37121181505643447
1507,0.3671032381292504,0.34610236807108347
1508,0.35726933414406675,0.33435867401677705
1509,0.3379967513755497,0.31651220898541044
1510,0.3244494959417252,0.3054424127238889
1511,0.3141867343678419,0.29570540371295617
1512,0.315701443269719,0.29784254272012217
1513,0.3159972978800108,0.29785632565742914
1514,0.32847876184062247,0.3104150472581118
1515,0.2995748983189945,0.2794134296688942
1516,0.29827652798652515,0.27874209135517525
1517,0.3000530507373099,0.28168900588097295
1518,0.3127751234273748,0.29401479115877116
1519,0.2969570197785538,0.2784983537606424
1520,0.2980620961328946,0.2815457341084085
1521,0.3098178228212579,0.2931444883576028
1522,0.31627388568080794,0.29848611604972713
1523,0.3234262839529175,0.304798698724017
1524,0.30395648995978064,0.28879030595055777
1525,0.3035768248714315,0.29014169452715255
1526,0.3053952944136144,0.2909220410050722
1527,0.30483398415940444,0.2922686201118688
1528,0.3138127636073643,0.30013452012928693
1529,0.30295949874208195,0.28993753267644
1530,0.3058538500064331,0.29321817649746246
1531,0.3029507602742874,0.29266243887190535
1532,0.32515965850633555,0.3104430282645196
1533,0.3463819011028565,0.3305177269127448
1534,0.3695834048805427,0.3537306790607046
1535,0.41043717180071815,0.39125960696239653
1536,0.3994184421231772,0.373655243240744
1537,0.3916535699567411,0.366095700873368
1538,0.4086075420780241,0.38142385426712144
1539,0.3684089211230223,0.3539808768215733
1540,0.40391181637737655,0.39038871099037564
1541,0.3875605851574318,0.3754875416329083
1542,0.3702841104410303,0.3564933061275816
1543,0.34900331822806413,0.3367044025097317
1544,0.34925554093163436,0.3378428687308308
1545,0.3338686848485081,0.32423906826815285
1546,0.3350695860770614,0.3250520204690928
1547,0.3436513004682423,0.33110511638662754
1548,0.347382817076182,0.3353612121263221
1549,0.37822056331720855,0.36004514896881756
1550,0.338564325161844,0.3225516785097876
1551,0.34200487088089154,0.32034069100565693
1552,0.35099161995080075,0.3290812066208075
1553,0.3374811186370261,0.32283603781636105
1554,0.3423939197904358,0.3280287262648009
1555,0.36384960310187875,0.3414574340482633
1556,0.3788821512271526,0.35698078934446553
1557,0.37219297826184256,0.3527801683624347
1558,0.3861549819573525,0.3652205945792023
1559,0.38784560456529943,0.3649535695237185
1560,0.36525837398593247,0.34222155751143074
1561,0.36926253024647093,0.35560020921544644
1562,0.36926253024647093,0.35560020921544644
1563,0.3449938596967111,0.3323736875394555
1564,0.3465720947321483,0.3291748689680858
1565,0.32449380409915835,0.3070155254992918
1566,0.32989010845400235,0.3120064993001631
1567,0.34555518761105675,0.3268201079813916
1568,0.3622193803756329,0.34678386751365137
1569,0.34998320495527213,0.33651231426926553
1570,0.348918622105518,0.3336125129796572
1571,0.3401651293948809,0.3257904541064939
1572,0.33228473343852344,0.3260740263135823
1573,0.3151229447035598,0.3073773689178208
1574,0.3037824605982929,0.30329951742365374
1575,0.3453395457866792,0.3382955860600009
1576,0.3355213196466432,0.3305838601964419
1577,0.33491529303223516,0.3327394520632168
1578,0.32359112821740604,0.32179441213441234
1579,0.33692207858907647,0.3326203517883649
1580,0.326472175838023,0.330014393469185
1581,0.3145086933740287,0.31487466036388906
1582,0.3148413300849789,0.31389985664792575
1583,0.3136870678765575,0.3131714715717901
1584,0.3104200378724729,0.31082706527490733
1585,0.3105614716805588,0.31264801118086333
1586,0.2810014272517298,0.284781426865912
1587,0.2989678973924962,0.29845601297950125
1588,0.31266753891931065,0.3116878809501496
1589,0.3181641610918069,0.3140392885729855
1590,0.3241744288856659,0.31864068936022655
1591,0.3202633649025398,0.31501173311109365
1592,0.30275857265650274,0.29919164377928026
1593,0.27802289342849146,0.27536331311567025
1594,0.26278723619014077,0.25851257007323547
1595,0.2784824690762322,0.2721704147167388
1596,0.28978283135589417,0.2821494008006369
1597,0.2685133998705588,0.26941663115173825
1598,0.2591403840005412,0.2585191560505319
1599,0.279420554573448,0.2756225630015794
1600,0.2516499812396952,0.2472698815728816
1601,0.24380986503794316,0.24172768247882379
1602,0.2522372303265711,0.2516941045757274
1603,0.25298986684615116,0.24690388890000725
1604,0.25542143578022086,0.2451044314846596
1605,0.22389348492696093,0.22062826671783886
1606,0.2277141747716352,0.2232223739921371
1607,0.2253188254632735,0.21822915129695483
1608,0.22407044176427365,0.21613826463193345
1609,0.22973948079291054,0.22052367967863953
1610,0.20878589491661123,0.20269256495033824
1611,0.20356554022429077,0.19816777275340283
1612,0.22076103061050756,0.21221291855998498
1613,0.22668960678599565,0.21984432206708174
1614,0.21954305213276437,0.21455448761872395
1615,0.23052000722289945,0.2269309173908125
1616,0.22847885803482643,0.22470929477300183
1617,0.2354040036011819,0.23105616080350788
1618,0.26182666265839116,0.25512718094418485
1619,0.2676732396281815,0.26020968577299464
1620,0.2836275994051403,0.2726940250565436
1621,0.28541185213506215,0.27214517941188865
1622,0.30342978290082245,0.2886570141587034
1623,0.28995900864181023,0.2733832987785601
1624,0.2728828695970469,0.25852221135544
1625,0.295830708012037,0.2808112477776184
1626,0.3007467019253462,0.28625628003502557
1627,0.27788852391015006,0.26699617002783016
1628,0.2677090380542013,0.2591390123365507
1629,0.26570842064622546,0.2555398964594329
1630,0.2663543649573805,0.25309732040634575
1631,0.25803658358332615,0.24262286038291178
1632,0.27794228315378433,0.2663370348777171
1633,0.28315388177241724,0.27192050820094615
1634,0.29681136576887607,0.28569351878127086
1635,0.3292703756827521,0.3135036616156376
1636,0.33457030721876524,0.31999762933407366
1637,0.31644113580101363,0.305419598645567
1638,0.32763003459291334,0.3127548734156439
1639,0.35314198642857203,0.3346897877784367
1640,0.3746058353227469,0.3530943091570585
1641,0.3807372888110815,0.35921491688130625
1642,0.3959257165825971,0.37325803125508444
1643,0.3773491746642876,0.3575350267498918
1644,0.39209935971098453,0.3757968067810994
1645,0.37694910891918265,0.36629577053981144
1646,0.36898798056916643,0.3622873633869151
1647,0.37678842316358224,0.35872564646103766
1648,0.40102701523642054,0.3798643437897795
1649,0.4093824401141288,0.3846040579306248
1650,0.42089206338532814,0.3959592687875142
1651,0.4187451971392331,0.39552552203134855
1652,0.4475762194958775,0.41999370734581776
1653,0.45256718864726786,0.42341604570402025
1654,0.4717479045218003,0.44597130648515865
1655,0.4721498614322125,0.4444630626944265
1656,0.45854849938123476,0.43330520030047504
1657,0.4192695457332035,0.3936737738148822
1658,0.40403112619134396,0.3795645183312515
1659,0.3956824772413927,0.37137793366241023
1660,0.3712768128779339,0.3497633412036883
1661,0.3627863661648988,0.3398616734129434
1662,0.3731095009453481,0.3489970540937189
1663,0.35742063505472826,0.33554114158686316
1664,0.3257430585415135,0.3080229767946314
1665,0.30316581315289776,0.28998881163416984
1666,0.29893111306624526,0.28648992635655296
1667,0.2975605966966238,0.28351190231233653
1668,0.32323432793166773,0.3033744491744098
1669,0.32606768165710953,0.3036034881848586
1670,0.32730329416691895,0.2984220355018135
1671,0.3156437669001656,0.2859027385139613
1672,0.3234750480899113,0.29225505456004774
1673,0.3277256399400425,0.2996959991046533
1674,0.3337435643480939,0.3056759796370014
1675,0.34407929804755666,0.31816100247827406
1676,0.33693253204117946,0.30948484603625764
1677,0.33504209839136334,0.3023961397928587
1678,0.3374915549125831,0.30115140301528853
1679,0.34456416632168113,0.30833768240998277
1680,0.34123263270833526,0.3002347498539568
1681,0.36346290809450726,0.3227207108399957
1682,0.3627151857725174,0.32660924338502334
1683,0.3989482135627454,0.360879451660288
1684,0.42446345869435625,0.38292524529605154
1685,0.39607773208983255,0.360601670612177
1686,0.4164336726415661,0.37836913397033595
1687,0.4421039544584399,0.4001070511995698
1688,0.43459777641077774,0.39361725022543
1689,0.44655337605040635,0.4044187005942921
1690,0.4787472185090831,0.4302912119369466
1691,0.4613920390509433,0.41532180921426687
1692,0.4483116405614706,0.40698373208505
1693,0.4225190223308262,0.3858272196937731
1694,0.3899936497601462,0.35629656251855824
1695,0.3624918325943906,0.3296185735762661
1696,0.35895460647377825,0.3307015168959691
1697,0.3628507389648411,0.33633418235975465
1698,0.3467807781958722,0.3208661323781821
1699,0.3476410557646292,0.3203720822592752
1700,0.3232333713299226,0.2983740236512203
1701,0.31534651673024,0.2940409795659133
1702,0.3184273633127959,0.3032628999391208
1703,0.3218814216569446,0.3122387267110045
1704,0.29758525935858465,0.2935079351763207
1705,0.2543922113334326,0.2529690848835732
1706,0.24894495391408014,0.24396331586400163
1707,0.27286010729844656,0.26135366023464235
1708,0.2820162580418538,0.2700671753318673
1709,0.2878203407817059,0.27675035650602614
1710,0.30630216143932565,0.29316067986629935
1711,0.3273502445617193,0.3102592069972126
1712,0.3178493569001312,0.30514713561196727
1713,0.294106331843276,0.2845935346091268
1714,0.2717831442971799,0.26279459910066855
1715,0.2693606682239609,0.2643122295956022
1716,0.27718069658877015,0.2709357687266896
1717,0.2885004472980053,0.28057044956637317
1718,0.2887544239904485,0.2787615687508851
1719,0.28008368180774146,0.27101226182805177
1720,0.2810059004382753,0.2721243504010469
1721,0.3045466707660703,0.2919370839727695
1722,0.309989338059981,0.2970466667967438
1723,0.3022742997648286,0.29101139594089886
1724,0.32241110814215007,0.3098708100376948
1725,0.29947658389488324,0.2886271634566239
1726,0.30828864234260894,0.29659160395881395
1727,0.30738035262966173,0.29463248281449367
1728,0.2976711847186039,0.2822719793328106
1729,0.2774574042726422,0.2615065670313096
1730,0.2916426590425546,0.2756513916426899
1731,0.31076778811948386,0.29832481205455935
1732,0.3007230504427458,0.2871095752903375
1733,0.2748612684849663,0.2635707977247136
1734,0.2693382188263792,0.26210750917738335
1735,0.25827264056785354,0.2518062704335468
1736,0.2335977445990462,0.22825068378447239
1737,0.21872678758493605,0.21521808145762508
1738,0.21898673904985902,0.2163468805207012
1739,0.23687807433627292,0.23271515319604005
1740,0.24667135053866093,0.24046622347485008
1741,0.2513669212422904,0.241913870329315
1742,0.24999708571024357,0.240430562219105
1743,0.2362158671091486,0.22616648520220353
1744,0.22794685279747637,0.21709942265238696
1745,0.2492332446396069,0.23670526658209204
1746,0.2565519670350389,0.24576373170275853
1747,0.23013146369018186,0.22298820246750417
1748,0.2292825943254021,0.22092499846404196
1749,0.24080203704898298,0.23183930335738276
1750,0.22715573599122363,0.21843096603614598
1751,0.24196925087946786,0.23322826258176185
1752,0.2427783268943917,0.23374574327290193
1753,0.22452082807236673,0.21698515640372926
1754,0.23118257465352457,0.2243827716616198
1755,0.2166732081316649,0.20912923164475758
1756,0.23109685935946608,0.21339405506884698
1757,0.21234222312594292,0.19799679246332352
1758,0.2352214617915576,0.21842278476161536
1759,0.22619065515945194,0.20691406822515226
1760,0.22517912935537795,0.20591683888520051
1761,0.24767724880788422,0.2297591601704886
1762,0.25667804446332754,0.2367403473214846
1763,0.2478947470817973,0.22840253493577206
1764,0.24221402685850202,0.2282864227929752
1765,0.22799778520832822,0.2158059614409635
1766,0.22181058412116458,0.2111744389996613
1767,0.21592951576514688,0.20630651034622852
1768,0.2069128578697709,0.19982256130157033
1769,0.21312277300073018,0.20611665763429987
1770,0.20397661193712222,0.19818345797152634
1771,0.19921115402065537,0.1913284806575202
1772,0.17683958081454454,0.17058537303547688
1773,0.19641975320335056,0.1895702540225118
1774,0.1930916663777641,0.1876292476843325
1775,0.19096315079441667,0.18590762303395375
1776,0.1915713119468517,0.186397790233013
1777,0.19297217835253136,0.186639183276084
1778,0.20013587611877007,0.19437679463376548
1779,0.21511254055988985,0.20863469011132416
1780,0.19999359861712337,0.19423230662939142
1781,0.20998265665270885,0.20599277883531808
1782,0.19644664877012638,0.20452715868179802
1783,0.21015268138980314,0.2181057782125333
1784,0.21628967597686255,0.22165877204208137
1785,0.23883833235152213,0.2498906379312608
1786,0.23275445056798766,0.2359345240413102
1787,0.22091613537799532,0.22602115739839776
1788,0.22993132673321007,0.2327528237459579
1789,0.2305145449716432,0.23076051597896508
1790,0.22999036313424373,0.22371644731900472
1791,0.24173835215735678,0.23703958987701773
1792,0.25915333253184775,0.2533168938912222
1793,0.28529907762761286,0.27866277224602726
1794,0.28244845856443884,0.27662865665126624
1795,0.2925427890372823,0.2875482852385292
1796,0.2918665990602802,0.2857004386360226
1797,0.3139036139957463,0.3061923130135473
1798,0.3089375455293735,0.30141680764570256
1799,0.2900649890048727,0.28456402011288445
1800,0.2947996370034745,0.2910710225212343
1801,0.2909012451392782,0.2811084414643908
1802,0.27290257461196005,0.2618226794769368
1803,0.2602491858993414,0.24890714544008477
1804,0.271135020535456,0.2604308432821593
1805,0.29456934189242967,0.2821290615800739
1806,0.3044806099321254,0.2897206906487155
1807,0.293460157200229,0.2800486913843771
1808,0.28401960712207386,0.27063648936345697
1809,0.2735180594699545,0.2636538951030598
1810,0.24548700480592864,0.23354125186850316
1811,0.23276700125726935,0.22743341854621854
1812,0.2520989012588304,0.2405216919757327
1813,0.2534346633892497,0.24394166930363437
1814,0.26694382120270627,0.2577169986097597
1815,0.2873406157147719,0.2786478999602962
1816,0.2723483796268157,0.2634754627799695
1817,0.26576914063002605,0.2587412081293208
1818,0.27498010789052674,0.2643347651296451
1819,0.26148881992499173,0.25216900904281453
1820,0.25938200996547733,0.2439344066009551
1821,0.2715011876016662,0.25627398475357793
1822,0.28564443172463017,0.2697265818647615
1823,0.2824785169013751,0.26605028918846396
1824,0.303485282820234,0.28548429957341304
1825,0.281502630416974,0.2636290076587289
1826,0.29230912978737555,0.28059566044364365
1827,0.28568532441121264,0.2774925167887181
1828,0.2946722191904116,0.2870512828129298
1829,0.3029149912353979,0.2926825749352308
1830,0.2807774638235985,0.2720463922075342
1831,0.2630249135483214,0.25730596598733313
1832,0.2607125621213792,0.2548390650664283
1833,0.2794405792420443,0.26915482362086496
1834,0.272871436945482,0.26329245012036967
1835,0.2738645727634473,0.26508836054934637
1836,0.28005447845026826,0.26997969256030147
1837,0.2778892971148264,0.26499605596452763
1838,0.28119619264744866,0.2673658689720685
1839,0.28665324121663455,0.27428937351637345
1840,0.28562831479617967,0.2734252096796967
1841,0.28643001591228456,0.27377033336584083
1842,0.27887249077465504,0.2648803907979204
1843,0.25217150231174595,0.24373580690558905
1844,0.26799456579837855,0.2573405143453124
1845,0.25646832889716614,0.24830364642448033
1846,0.2551568893240851,0.24664780998604957
1847,0.24157000144441135,0.2338351070401445
1848,0.25965641325170574,0.24973047466151904
1849,0.2556933943624352,0.24630442732592106
1850,0.2673287438154298,0.2548215716658201
1851,0.24739701207390094,0.23741401422369413
1852,0.2536834519423248,0.24055184257199136
1853,0.274984450192446,0.26020865780080166
1854,0.2663567617777161,0.25481975066472684
1855,0.25219157089258515,0.24174691014382932
1856,0.24845329109000458,0.23694929906443313
1857,0.24224648132104945,0.2298239729393968
1858,0.22444740740200828,0.2136008474493116
1859,0.22293572383482047,0.2169892903625187
1860,0.22989349553710428,0.22574211457164933
1861,0.24867449375404593,0.2435082167100287
1862,0.2493615859335329,0.2439443157704291
1863,0.24679286798847472,0.24566704855191554
1864,0.23207635763930157,0.2318759920249146
1865,0.23429266683327343,0.23151999028501233
1866,0.2377242757021153,0.23275737189511073
1867,0.26577889864450416,0.2600071954922822
1868,0.2801863317597809,0.27585556174778325
1869,0.30608471836963774,0.2977372090454777
1870,0.288534227690349,0.2812998449137699
1871,0.2884805870474277,0.28086989181330474
1872,0.26714815078269755,0.2645493119062204
1873,0.27142176828743264,0.2689693115819448
1874,0.24317224179357055,0.24449170790961658
1875,0.22834217373701488,0.2313721023001878
1876,0.22639790576689842,0.23066947529044188
1877,0.2184890283630533,0.22669527298248165
1878,0.21772697880277714,0.2267771415302703
1879,0.20690364521783258,0.2126264188441211
1880,0.19834958257238933,0.20542368087476848
1881,0.22421664961180035,0.2319650927508404
1882,0.2308904498384361,0.2406538281895826
1883,0.28596406848931644,0.2919912204599355
1884,0.2945277719734488,0.30052492519091606
1885,0.2951458879803,0.2990852619224521
1886,0.2907680129212897,0.2926814449029105
1887,0.2907680129212897,0.2926814449029105
1888,0.28364387005369746,0.2854237882067911
1889,0.2682666123961019,0.2688924286582923
1890,0.2727929272213973,0.27321300739269627
1891,0.26375283487441,0.26639662440623374
1892,0.23908093257677673,0.24354862218627168
1893,0.24936105141069445,0.2547160521766214
1894,0.24604433797760372,0.2508113569407839
1895,0.2590240118143149,0.26527742966587986
1896,0.2753412502260501,0.27703568112214183
1897,0.28630462880521185,0.2784722586706773
1898,0.2763588188486151,0.2692823429503725
1899,0.271078292521493,0.2656684445480321
1900,0.2842296374740268,0.2750060779762561
1901,0.2961746986926836,0.28224776514488814
1902,0.25579434397687506,0.24493082409565523
1903,0.2556869734516236,0.24782103803960498
1904,0.27917252739656917,0.26716286860761235
1905,0.27178537627349686,0.25958313768314734
1906,0.2760012509149138,0.2608484927681219
1907,0.28495569565493656,0.2668775457335549
1908,0.26028147746178176,0.24322796535401872
1909,0.26414658598295626,0.2398087290511035
1910,0.26355821837707294,0.24035482000093847
1911,0.28387808949785204,0.2566129163107151
1912,0.2691769235527932,0.24314478215394014
1913,0.28741676591152837,0.25970261235182657
1914,0.30480528485437125,0.27621117054705985
1915,0.28661773373530935,0.25691316409344434
1916,0.3066300080298631,0.2733429694826847
1917,0.3210651489991012,0.28704799372625633
1918,0.29202173287846767,0.2638919646100986
1919,0.29251444547538813,0.26535240553353934
1920,0.3041392346134403,0.2748576095892044
1921,0.30088174972892473,0.27179339428126964
1922,0.3033673345982746,0.27880751272359916
1923,0.3123197918684687,0.2862553560445122
1924,0.3307558707973172,0.3080546041924123
1925,0.3106874406563646,0.2915982931133597
1926,0.3015501918699929,0.28747669845697627
1927,0.32071806807518616,0.30572607726017825
1928,0.3202960737295452,0.3008011571320995
1929,0.30979299753027806,0.2899417162391212
1930,0.34000915842685286,0.3185276941255231
1931,0.33391411547508026,0.312595553082698
1932,0.32338435645935376,0.3040925345100093
1933,0.33728443849549694,0.3130447917859979
1934,0.3388939479882222,0.3168322951414188
1935,0.35214002418011725,0.32381817061923407
1936,0.3367345411902673,0.31268332908832913
1937,0.37310888009574034,0.344279785983957
1938,0.3431321728661305,0.31797850674146777
1939,0.31228679536728715,0.2908713229282882
1940,0.3318595491610149,0.30933754535042696
1941,0.31562354797751213,0.29675107763252073
1942,0.2891516056541067,0.2729949553338816
1943,0.2921562504992301,0.26941556487296914
1944,0.28105087393727257,0.2583710019929302
1945,0.2787306100313282,0.2567125646885976
1946,0.2637595353814483,0.24316944822352304
1947,0.24540943995425982,0.22422518569095506
1948,0.2560301911801773,0.23410782881316375
1949,0.2399836395657609,0.21403560326242535
1950,0.2652246408379174,0.23586520756607032
1951,0.29097299604447385,0.2523226901438532
1952,0.28371741994416977,0.24583042707203454
1953,0.2879706575354303,0.25196628529516146
1954,0.28280200299299524,0.24888014453209334
1955,0.27331221500086744,0.23698352267762846
1956,0.2719564926004604,0.2408469978673248
1957,0.27253597358077786,0.24180480685204309
1958,0.25997644736521314,0.24167874044830537
1959,0.24205420604168174,0.22417166618588713
1960,0.23618033898217866,0.2224772931956382
1961,0.21539024729990144,0.20483056888252651
1962,0.21464415329995262,0.20459291387330178
1963,0.24570739364606042,0.22902600574028995
1964,0.28444303137690247,0.26310875155767177
1965,0.2719213096832185,0.2520163598843363
1966,0.2659673126488777,0.24627519133005907
1967,0.2893244575294962,0.2704666342429032
1968,0.3012342883218885,0.27986396029327804
1969,0.3023850763511256,0.28217412819824594
1970,0.29896324555965254,0.28496158397746973
1971,0.30568836634996693,0.29282952368387133
1972,0.30987873326177773,0.2946922940484844
1973,0.33243032547897333,0.31478528666309596
1974,0.36405161529887986,0.3414956317772664
1975,0.330627891461443,0.3188856719894582
1976,0.3398711158068815,0.32474958392251674
1977,0.3544021245642612,0.33944310503739894
1978,0.350624787815251,0.33519826489580196
1979,0.3275634160455565,0.3119914958511697
1980,0.33485846200709884,0.3182822521188298
1981,0.3146511298501618,0.300254727400779
1982,0.32315957902169407,0.31057193544848466
1983,0.33186287586983,0.3173235770760681
1984,0.310929508460041,0.2978739492909297
1985,0.32306242041993843,0.3068178849110707
1986,0.347715369164202,0.32710448504788536
1987,0.34573764871885204,0.3297490123810178
1988,0.33860983524423327,0.32521990555297164
1989,0.3311993637454971,0.32023796975776764
1990,0.3277255197527748,0.31926056672465575
1991,0.32664476448643354,0.312875096421049
1992,0.32838581714759446,0.3133864320055626
1993,0.3354499422220626,0.31911291226492294
1994,0.34886262238662913,0.3368693985362068
1995,0.35310128790304135,0.3394399149017805
1996,0.33686000853311976,0.32222409591637524
1997,0.36214422384804323,0.3461985314118814
1998,0.3655536664838364,0.34931444381740717
1999,0.3446250581561969,0.3336481139330286
